histone_marker,model,val_accuracy_mean,val_accuracy_std,val_auc_mean,val_auc_std,test_accuracy_mean,test_accuracy_std,test_auc_mean,test_auc_std
H3K27ac,RandomForest,73.68,2.7662,0.8187,0.0219,74.94,1.3465,0.8301,0.0154
H3K27ac,SVM_Linear,72.24,2.5822,0.788,0.0238,73.22,1.4025,0.8022,0.016
H3K27ac,LogisticRegression,72.48,2.7698,0.7883,0.025,73.2,1.3096,0.802,0.0169
H3K27ac,DirectRanker,72.36,2.0182,0.814,0.0288,72.88,0.9884,0.8198,0.0112
H3K27ac-H3K27me3,RandomForest,73.66,2.7144,0.8201,0.0212,75.02,1.6769,0.8315,0.0153
H3K27ac-H3K27me3,DirectRanker,72.14,2.4131,0.81,0.0292,73.12,1.6022,0.8222,0.0086
H3K27ac-H3K27me3,SVM_Linear,71.9,2.6029,0.7822,0.0265,72.54,1.2361,0.7928,0.0162
H3K27ac-H3K27me3,LogisticRegression,72.16,2.668,0.779,0.027,72.54,1.2641,0.7895,0.017
H3K27me3,RandomForest,53.0,1.4543,0.5234,0.0058,51.58,1.1345,0.5192,0.004
H3K27me3,SVM_Linear,52.58,1.3773,0.5154,0.0036,50.92,0.9066,0.5041,0.0052
H3K27me3,LogisticRegression,52.52,1.422,0.5131,0.0034,50.88,1.1628,0.5051,0.0088
H3K27me3,DirectRanker,49.52,1.532,0.526,0.0055,50.38,1.001,0.5193,0.004
H3K4me3,RandomForest,73.28,2.455,0.8106,0.0254,73.32,1.1454,0.8096,0.0094
H3K4me3,LogisticRegression,72.64,2.4795,0.7985,0.0285,72.56,1.0644,0.7992,0.0078
H3K4me3,SVM_Linear,72.7,2.399,0.7992,0.0289,72.56,0.9915,0.8003,0.0078
H3K4me3,DirectRanker,72.5,1.5984,0.81,0.0235,71.42,0.8379,0.8087,0.0095
H3K4me3-H3K27ac,RandomForest,74.82,2.2253,0.8306,0.0262,75.56,1.2818,0.8381,0.0103
H3K4me3-H3K27ac,LogisticRegression,73.34,2.8431,0.7971,0.028,73.98,1.3664,0.8082,0.0126
H3K4me3-H3K27ac,SVM_Linear,72.84,2.4986,0.7973,0.0266,73.6,1.3096,0.8087,0.0137
H3K4me3-H3K27ac,DirectRanker,73.66,2.1007,0.826,0.0251,73.5,0.9055,0.8284,0.013
H3K4me3-H3K27ac-H3K27me3,RandomForest,74.96,2.0354,0.8317,0.0252,75.58,1.0474,0.8384,0.0089
H3K4me3-H3K27ac-H3K27me3,DirectRanker,73.82,2.1406,0.824,0.0288,73.76,0.5899,0.8298,0.0106
H3K4me3-H3K27ac-H3K27me3,LogisticRegression,72.82,2.5054,0.7879,0.0306,73.32,1.3627,0.7963,0.0157
H3K4me3-H3K27ac-H3K27me3,SVM_Linear,72.52,2.5791,0.7908,0.0296,73.0,1.4714,0.8,0.0151
H3K4me3-H3K27me3,RandomForest,73.32,2.2665,0.8103,0.0259,73.28,1.1077,0.8115,0.0096
H3K4me3-H3K27me3,DirectRanker,72.78,1.7852,0.816,0.0207,71.94,0.6656,0.8094,0.008
H3K4me3-H3K27me3,LogisticRegression,72.28,2.3637,0.7894,0.0292,71.88,1.5057,0.7864,0.0124
H3K4me3-H3K27me3,SVM_Linear,72.14,2.3776,0.7934,0.0291,71.74,1.4775,0.7904,0.011
H3K4me3-H3K9ac,RandomForest,74.36,2.6548,0.8222,0.0247,74.78,0.9094,0.8281,0.0095
H3K4me3-H3K9ac,LogisticRegression,72.94,2.651,0.7942,0.032,72.9,1.321,0.7977,0.0096
H3K4me3-H3K9ac,SVM_Linear,72.98,2.7526,0.7952,0.0311,72.8,1.1,0.7988,0.0094
H3K4me3-H3K9ac,DirectRanker,73.48,1.9435,0.824,0.0241,72.34,0.6656,0.8208,0.0069
H3K4me3-H3K9ac-H3K27ac,RandomForest,75.24,2.829,0.8348,0.0253,76.16,0.9343,0.8418,0.0104
H3K4me3-H3K9ac-H3K27ac,DirectRanker,73.88,1.6649,0.826,0.0251,73.78,1.0085,0.8292,0.0115
H3K4me3-H3K9ac-H3K27ac,SVM_Linear,73.06,2.2064,0.7918,0.0268,73.56,1.8703,0.8016,0.0169
H3K4me3-H3K9ac-H3K27ac,LogisticRegression,72.98,2.547,0.7908,0.0276,73.46,1.8174,0.8,0.016
H3K4me3-H3K9ac-H3K27ac-H3K27me3,RandomForest,75.2,2.497,0.8342,0.0242,76.24,1.1781,0.8425,0.0101
H3K4me3-H3K9ac-H3K27ac-H3K27me3,DirectRanker,73.86,2.305,0.826,0.0251,74.3,0.6856,0.8326,0.0073
H3K4me3-H3K9ac-H3K27ac-H3K27me3,LogisticRegression,72.36,2.072,0.7812,0.0284,73.04,1.8202,0.7894,0.018
H3K4me3-H3K9ac-H3K27ac-H3K27me3,SVM_Linear,72.46,2.2898,0.7852,0.0285,72.96,1.7799,0.7927,0.0183
H3K4me3-H3K9ac-H3K27me3,RandomForest,74.16,2.3681,0.8238,0.0234,74.48,0.8198,0.8278,0.0091
H3K4me3-H3K9ac-H3K27me3,DirectRanker,73.32,1.8512,0.82,0.0235,72.86,0.4722,0.8198,0.0068
H3K4me3-H3K9ac-H3K27me3,SVM_Linear,72.66,2.5764,0.7884,0.0321,72.38,0.996,0.7901,0.0128
H3K4me3-H3K9ac-H3K27me3,LogisticRegression,72.44,2.681,0.7839,0.032,72.24,1.2462,0.7864,0.0128
H3K4me3-H3K9ac-H3K9me3,RandomForest,74.28,2.5714,0.8249,0.0257,74.88,0.502,0.8292,0.0085
H3K4me3-H3K9ac-H3K9me3,DirectRanker,73.4,1.7972,0.822,0.0259,72.86,0.6107,0.8188,0.0068
H3K4me3-H3K9ac-H3K9me3,LogisticRegression,71.94,2.4276,0.779,0.031,71.56,1.27,0.781,0.0133
H3K4me3-H3K9ac-H3K9me3,SVM_Linear,71.24,2.249,0.7738,0.0306,71.44,0.7797,0.7765,0.0106
H3K4me3-H3K9ac-H3K9me3-H3K27ac,RandomForest,75.1,2.4485,0.8343,0.0267,76.42,0.9311,0.8432,0.0089
H3K4me3-H3K9ac-H3K9me3-H3K27ac,DirectRanker,74.06,1.8474,0.826,0.0251,73.9,0.9823,0.8309,0.0085
H3K4me3-H3K9ac-H3K9me3-H3K27ac,LogisticRegression,72.04,2.3104,0.7776,0.0264,72.42,1.504,0.786,0.0178
H3K4me3-H3K9ac-H3K9me3-H3K27ac,SVM_Linear,71.5,2.0445,0.7719,0.0247,72.06,1.7068,0.7807,0.0148
H3K4me3-H3K9ac-H3K9me3-H3K27ac-H3K27me3,RandomForest,75.16,2.8201,0.8345,0.0246,76.54,1.0065,0.8436,0.0076
H3K4me3-H3K9ac-H3K9me3-H3K27ac-H3K27me3,DirectRanker,73.96,2.1361,0.828,0.0277,74.18,0.7823,0.8307,0.0065
H3K4me3-H3K9ac-H3K9me3-H3K27ac-H3K27me3,LogisticRegression,71.82,2.2421,0.7684,0.0277,71.96,2.1244,0.7765,0.0193
H3K4me3-H3K9ac-H3K9me3-H3K27ac-H3K27me3,SVM_Linear,71.3,2.3633,0.7681,0.0285,71.76,1.7644,0.7768,0.0194
H3K4me3-H3K9ac-H3K9me3-H3K27me3,RandomForest,74.44,2.1197,0.8233,0.0247,74.86,0.6269,0.8288,0.0081
H3K4me3-H3K9ac-H3K9me3-H3K27me3,DirectRanker,73.48,1.8267,0.822,0.0259,72.9,0.781,0.8206,0.0061
H3K4me3-H3K9ac-H3K9me3-H3K27me3,LogisticRegression,71.58,2.6612,0.7697,0.0311,71.22,1.1122,0.7705,0.0167
H3K4me3-H3K9ac-H3K9me3-H3K27me3,SVM_Linear,71.1,2.7803,0.7695,0.0315,70.76,1.0597,0.7711,0.0169
H3K4me3-H3K9me3,RandomForest,73.46,2.4069,0.812,0.026,73.52,0.5805,0.8121,0.0092
H3K4me3-H3K9me3,DirectRanker,72.9,1.3892,0.814,0.0241,71.9,0.4472,0.8103,0.0064
H3K4me3-H3K9me3,LogisticRegression,71.84,2.4976,0.7822,0.0278,71.5,1.468,0.7818,0.0139
H3K4me3-H3K9me3,SVM_Linear,71.62,2.5361,0.7786,0.0283,71.12,0.8843,0.7777,0.0089
H3K4me3-H3K9me3-H3K27ac,RandomForest,75.04,2.4183,0.8319,0.0254,76.12,0.795,0.8387,0.0092
H3K4me3-H3K9me3-H3K27ac,DirectRanker,73.6,1.631,0.826,0.0251,73.98,0.7294,0.8298,0.0069
H3K4me3-H3K9me3-H3K27ac,LogisticRegression,72.48,2.3658,0.7828,0.0261,72.88,1.2518,0.793,0.0142
H3K4me3-H3K9me3-H3K27ac,SVM_Linear,71.74,2.4825,0.7777,0.0244,72.1,1.0464,0.7869,0.0108
H3K4me3-H3K9me3-H3K27ac-H3K27me3,RandomForest,74.96,2.142,0.8314,0.0247,75.64,1.2198,0.8386,0.0086
H3K4me3-H3K9me3-H3K27ac-H3K27me3,DirectRanker,73.44,2.0792,0.824,0.0288,73.9,0.5244,0.8283,0.0107
H3K4me3-H3K9me3-H3K27ac-H3K27me3,LogisticRegression,72.2,2.6608,0.7742,0.0285,72.52,1.3461,0.7825,0.0169
H3K4me3-H3K9me3-H3K27ac-H3K27me3,SVM_Linear,71.86,2.5165,0.774,0.0268,71.72,1.4464,0.7815,0.0166
H3K4me3-H3K9me3-H3K27me3,RandomForest,73.26,2.4337,0.8134,0.0251,73.62,0.7259,0.8133,0.0075
H3K4me3-H3K9me3-H3K27me3,DirectRanker,72.94,1.4415,0.818,0.0217,71.48,0.6979,0.8105,0.0079
H3K4me3-H3K9me3-H3K27me3,LogisticRegression,71.42,2.5888,0.7735,0.0294,71.06,1.6118,0.7703,0.0178
H3K4me3-H3K9me3-H3K27me3,SVM_Linear,71.16,2.4183,0.7738,0.0281,70.4,1.4089,0.7708,0.0166
H3K9ac,RandomForest,73.98,2.5499,0.815,0.0236,72.84,0.929,0.8143,0.017
H3K9ac,LogisticRegression,72.82,2.2432,0.7908,0.0228,72.24,1.2033,0.794,0.0126
H3K9ac,SVM_Linear,72.8,2.1083,0.7909,0.0219,72.12,1.006,0.7949,0.0136
H3K9ac,DirectRanker,72.12,1.5849,0.816,0.0207,71.6,1.6583,0.817,0.0117
H3K9ac-H3K27ac,RandomForest,75.12,2.6205,0.8336,0.0232,76.02,1.0895,0.8417,0.0102
H3K9ac-H3K27ac,DirectRanker,73.54,1.6682,0.826,0.0251,73.6,0.9028,0.8309,0.0099
H3K9ac-H3K27ac,LogisticRegression,73.5,2.5739,0.7943,0.0211,73.06,1.4993,0.801,0.0159
H3K9ac-H3K27ac,SVM_Linear,73.18,2.1382,0.7948,0.019,73.0,1.7536,0.8003,0.0165
H3K9ac-H3K27ac-H3K27me3,RandomForest,75.22,2.4222,0.8344,0.0206,75.94,1.1992,0.8407,0.0094
H3K9ac-H3K27ac-H3K27me3,DirectRanker,73.82,1.3084,0.826,0.0207,74.06,1.4673,0.8305,0.0101
H3K9ac-H3K27ac-H3K27me3,SVM_Linear,72.88,2.1206,0.787,0.0204,72.44,1.4707,0.793,0.0176
H3K9ac-H3K27ac-H3K27me3,LogisticRegression,72.76,2.1755,0.7836,0.0215,72.3,1.6778,0.7892,0.0168
H3K9ac-H3K27me3,RandomForest,74.0,2.3527,0.8181,0.0221,72.62,1.1606,0.8157,0.0163
H3K9ac-H3K27me3,DirectRanker,72.5,1.5116,0.814,0.0207,72.1,1.3784,0.8157,0.0089
H3K9ac-H3K27me3,LogisticRegression,72.48,2.1183,0.7804,0.0229,71.54,1.2219,0.7817,0.014
H3K9ac-H3K27me3,SVM_Linear,72.32,1.9905,0.7833,0.0222,71.52,1.152,0.7846,0.0155
H3K9ac-H3K9me3,RandomForest,73.96,2.8139,0.8188,0.0239,72.8,0.6245,0.8151,0.0149
H3K9ac-H3K9me3,DirectRanker,71.96,1.8582,0.814,0.0241,71.38,1.8472,0.8124,0.0133
H3K9ac-H3K9me3,LogisticRegression,71.84,1.8876,0.7743,0.0198,71.12,0.9731,0.7756,0.0152
H3K9ac-H3K9me3,SVM_Linear,71.26,2.1824,0.7688,0.0232,70.46,1.0644,0.7681,0.0133
H3K9ac-H3K9me3-H3K27ac,RandomForest,75.36,2.6501,0.835,0.0235,75.82,1.2755,0.8412,0.0089
H3K9ac-H3K9me3-H3K27ac,DirectRanker,73.62,1.489,0.822,0.0217,73.6,0.866,0.8277,0.0102
H3K9ac-H3K9me3-H3K27ac,LogisticRegression,72.14,2.0477,0.7787,0.0186,72.02,1.545,0.7847,0.0163
H3K9ac-H3K9me3-H3K27ac,SVM_Linear,71.66,2.0501,0.7737,0.0177,71.36,1.1718,0.7785,0.0135
H3K9ac-H3K9me3-H3K27ac-H3K27me3,RandomForest,75.2,2.601,0.8345,0.0214,75.8,1.1853,0.8409,0.0085
H3K9ac-H3K9me3-H3K27ac-H3K27me3,DirectRanker,73.38,1.4856,0.824,0.0195,74.42,1.3084,0.832,0.0077
H3K9ac-H3K9me3-H3K27ac-H3K27me3,SVM_Linear,71.48,2.0885,0.7685,0.0195,71.44,1.5789,0.7724,0.0189
H3K9ac-H3K9me3-H3K27ac-H3K27me3,LogisticRegression,71.86,2.1984,0.7702,0.0205,71.4,1.779,0.7747,0.0181
H3K9ac-H3K9me3-H3K27me3,RandomForest,74.28,2.3499,0.8184,0.0206,73.1,0.7906,0.8167,0.0133
H3K9ac-H3K9me3-H3K27me3,DirectRanker,72.04,1.6441,0.814,0.0241,71.78,1.7754,0.8149,0.0124
H3K9ac-H3K9me3-H3K27me3,LogisticRegression,71.38,1.9045,0.7644,0.0209,70.54,1.1216,0.7646,0.0171
H3K9ac-H3K9me3-H3K27me3,SVM_Linear,70.98,2.1052,0.7621,0.023,70.28,1.1777,0.762,0.0167
H3K9me3,RandomForest,52.86,1.352,0.5213,0.0067,51.92,0.9257,0.5302,0.0106
H3K9me3,DirectRanker,49.54,0.8933,0.524,0.0089,51.42,0.6834,0.5352,0.0128
H3K9me3,SVM_Linear,52.04,1.4673,0.5001,0.0104,50.84,0.7232,0.5088,0.0105
H3K9me3,LogisticRegression,51.92,1.2458,0.5019,0.0054,50.54,0.5413,0.5032,0.0085
H3K9me3-H3K27ac,RandomForest,74.08,2.7096,0.8224,0.0229,74.8,1.3546,0.8319,0.0143
H3K9me3-H3K27ac,DirectRanker,72.0,2.0261,0.812,0.0217,73.2,1.5083,0.8215,0.0113
H3K9me3-H3K27ac,LogisticRegression,71.66,2.4203,0.7725,0.0228,72.28,1.2988,0.7842,0.0159
H3K9me3-H3K27ac,SVM_Linear,70.82,2.2676,0.7679,0.0201,71.8,0.9618,0.7772,0.0133
H3K9me3-H3K27ac-H3K27me3,RandomForest,74.1,2.8045,0.8226,0.0218,75.04,1.3446,0.8327,0.0148
H3K9me3-H3K27ac-H3K27me3,DirectRanker,72.1,2.245,0.806,0.0251,73.32,1.429,0.8195,0.0115
H3K9me3-H3K27ac-H3K27me3,LogisticRegression,71.26,2.5667,0.7643,0.0254,71.78,1.2256,0.7736,0.0169
H3K9me3-H3K27ac-H3K27me3,SVM_Linear,70.72,2.543,0.7633,0.0244,71.26,0.9182,0.7704,0.0168
H3K9me3-H3K27me3,RandomForest,53.62,1.3442,0.5392,0.0088,52.68,1.1925,0.546,0.0074
H3K9me3-H3K27me3,DirectRanker,51.12,1.0941,0.55,0.0071,52.6,0.8944,0.554,0.0188
H3K9me3-H3K27me3,SVM_Linear,52.84,1.3012,0.5203,0.0112,51.12,0.8815,0.5125,0.0086
H3K9me3-H3K27me3,LogisticRegression,52.46,1.3183,0.5184,0.0111,50.94,0.8792,0.5125,0.0096
